table_catalog,table_schema,table_name,column_name,ordinal_position,column_default,is_nullable,data_type,character_maximum_length,character_octet_length,numeric_precision,numeric_precision_radix,numeric_scale,datetime_precision,interval_type,interval_precision,character_set_catalog,character_set_schema,character_set_name,collation_catalog,collation_schema,collation_name,domain_catalog,domain_schema,domain_name,udt_catalog,udt_schema,udt_name,scope_catalog,scope_schema,scope_name,maximum_cardinality,dtd_identifier,is_self_referencing,is_identity,identity_generation,identity_start,identity_increment,identity_maximum,identity_minimum,identity_cycle,is_generated,generation_expression,is_updatable
postgres,public,baseline_construction_phases,id,1,gen_random_uuid(),NO,uuid,null,null,null,null,null,null,null,null,null,null,null,null,null,null,null,null,null,postgres,pg_catalog,uuid,null,null,null,null,1,NO,NO,null,null,null,null,null,NO,NEVER,null,YES
postgres,public,baseline_construction_phases,version,2,'1.0'::text,NO,text,null,1073741824,null,null,null,null,null,null,null,null,null,null,null,null,null,null,null,postgres,pg_catalog,text,null,null,null,null,2,NO,NO,null,null,null,null,null,NO,NEVER,null,YES
postgres,public,baseline_construction_phases,phases,3,null,NO,jsonb,null,null,null,null,null,null,null,null,null,null,null,null,null,null,null,null,null,postgres,pg_catalog,jsonb,null,null,null,null,3,NO,NO,null,null,null,null,null,NO,NEVER,null,YES
postgres,public,baseline_construction_phases,is_active,4,true,YES,boolean,null,null,null,null,null,null,null,null,null,null,null,null,null,null,null,null,null,postgres,pg_catalog,bool,null,null,null,null,4,NO,NO,null,null,null,null,null,NO,NEVER,null,YES
postgres,public,baseline_construction_phases,created_at,5,now(),YES,timestamp with time zone,null,null,null,null,null,6,null,null,null,null,null,null,null,null,null,null,null,postgres,pg_catalog,timestamptz,null,null,null,null,5,NO,NO,null,null,null,null,null,NO,NEVER,null,YES
postgres,public,bid_items,id,1,gen_random_uuid(),NO,uuid,null,null,null,null,null,null,null,null,null,null,null,null,null,null,null,null,null,postgres,pg_catalog,uuid,null,null,null,null,1,NO,NO,null,null,null,null,null,NO,NEVER,null,YES
postgres,public,bid_items,bid_id,2,null,NO,uuid,null,null,null,null,null,null,null,null,null,null,null,null,null,null,null,null,null,postgres,pg_catalog,uuid,null,null,null,null,2,NO,NO,null,null,null,null,null,NO,NEVER,null,YES
postgres,public,bid_items,budget_item_id,3,null,YES,uuid,null,null,null,null,null,null,null,null,null,null,null,null,null,null,null,null,null,postgres,pg_catalog,uuid,null,null,null,null,3,NO,NO,null,null,null,null,null,NO,NEVER,null,YES
postgres,public,bid_items,description,4,null,NO,text,null,1073741824,null,null,null,null,null,null,null,null,null,null,null,null,null,null,null,postgres,pg_catalog,text,null,null,null,null,4,NO,NO,null,null,null,null,null,NO,NEVER,null,YES
postgres,public,bid_items,phase_id,5,null,NO,text,null,1073741824,null,null,null,null,null,null,null,null,null,null,null,null,null,null,null,postgres,pg_catalog,text,null,null,null,null,5,NO,NO,null,null,null,null,null,NO,NEVER,null,YES
postgres,public,bid_items,materials_cost,6,0,YES,numeric,null,null,12,10,2,null,null,null,null,null,null,null,null,null,null,null,null,postgres,pg_catalog,numeric,null,null,null,null,6,NO,NO,null,null,null,null,null,NO,NEVER,null,YES
postgres,public,bid_items,labor_cost,7,0,YES,numeric,null,null,12,10,2,null,null,null,null,null,null,null,null,null,null,null,null,postgres,pg_catalog,numeric,null,null,null,null,7,NO,NO,null,null,null,null,null,NO,NEVER,null,YES
postgres,public,bid_items,total_cost,8,null,NO,numeric,null,null,12,10,2,null,null,null,null,null,null,null,null,null,null,null,null,postgres,pg_catalog,numeric,null,null,null,null,8,NO,NO,null,null,null,null,null,NO,NEVER,null,YES
postgres,public,bid_items,created_at,9,now(),YES,timestamp with time zone,null,null,null,null,null,6,null,null,null,null,null,null,null,null,null,null,null,postgres,pg_catalog,timestamptz,null,null,null,null,9,NO,NO,null,null,null,null,null,NO,NEVER,null,YES
postgres,public,bid_request_summary,id,1,null,YES,uuid,null,null,null,null,null,null,null,null,null,null,null,null,null,null,null,null,null,postgres,pg_catalog,uuid,null,null,null,null,1,NO,NO,null,null,null,null,null,NO,NEVER,null,NO
postgres,public,bid_request_summary,project_id,2,null,YES,uuid,null,null,null,null,null,null,null,null,null,null,null,null,null,null,null,null,null,postgres,pg_catalog,uuid,null,null,null,null,2,NO,NO,null,null,null,null,null,NO,NEVER,null,NO
postgres,public,bid_request_summary,user_id,3,null,YES,uuid,null,null,null,null,null,null,null,null,null,null,null,null,null,null,null,null,null,postgres,pg_catalog,uuid,null,null,null,null,3,NO,NO,null,null,null,null,null,NO,NEVER,null,NO
postgres,public,bid_request_summary,status,4,null,YES,text,null,1073741824,null,null,null,null,null,null,null,null,null,null,null,null,null,null,null,postgres,pg_catalog,text,null,null,null,null,4,NO,NO,null,null,null,null,null,NO,NEVER,null,NO
postgres,public,bid_request_summary,request_method,5,null,YES,text,null,1073741824,null,null,null,null,null,null,null,null,null,null,null,null,null,null,null,postgres,pg_catalog,text,null,null,null,null,5,NO,NO,null,null,null,null,null,NO,NEVER,null,NO
postgres,public,bid_request_summary,requested_at,6,null,YES,timestamp with time zone,null,null,null,null,null,6,null,null,null,null,null,null,null,null,null,null,null,postgres,pg_catalog,timestamptz,null,null,null,null,6,NO,NO,null,null,null,null,null,NO,NEVER,null,NO
postgres,public,bid_request_summary,due_date,7,null,YES,timestamp with time zone,null,null,null,null,null,6,null,null,null,null,null,null,null,null,null,null,null,postgres,pg_catalog,timestamptz,null,null,null,null,7,NO,NO,null,null,null,null,null,NO,NEVER,null,NO
postgres,public,bid_request_summary,vendor_name,8,null,YES,text,null,1073741824,null,null,null,null,null,null,null,null,null,null,null,null,null,null,null,postgres,pg_catalog,text,null,null,null,null,8,NO,NO,null,null,null,null,null,NO,NEVER,null,NO
postgres,public,bid_request_summary,vendor_email,9,null,YES,text,null,1073741824,null,null,null,null,null,null,null,null,null,null,null,null,null,null,null,postgres,pg_catalog,text,null,null,null,null,9,NO,NO,null,null,null,null,null,NO,NEVER,null,NO
postgres,public,bid_request_summary,vendor_phone,10,null,YES,text,null,1073741824,null,null,null,null,null,null,null,null,null,null,null,null,null,null,null,postgres,pg_catalog,text,null,null,null,null,10,NO,NO,null,null,null,null,null,NO,NEVER,null,NO
postgres,public,bid_request_summary,rating_score,11,null,YES,numeric,null,null,2,10,1,null,null,null,null,null,null,null,null,null,null,null,null,postgres,pg_catalog,numeric,null,null,null,null,11,NO,NO,null,null,null,null,null,NO,NEVER,null,NO
postgres,public,bid_request_summary,trade_category_name,12,null,YES,text,null,1073741824,null,null,null,null,null,null,null,null,null,null,null,null,null,null,null,postgres,pg_catalog,text,null,null,null,null,12,NO,NO,null,null,null,null,null,NO,NEVER,null,NO
postgres,public,bid_request_summary,phase_count,13,null,YES,integer,null,null,32,2,0,null,null,null,null,null,null,null,null,null,null,null,null,postgres,pg_catalog,int4,null,null,null,null,13,NO,NO,null,null,null,null,null,NO,NEVER,null,NO
postgres,public,bid_request_summary,phase_ids,14,null,YES,ARRAY,null,null,null,null,null,null,null,null,null,null,null,null,null,null,null,null,null,postgres,pg_catalog,_text,null,null,null,null,14,NO,NO,null,null,null,null,null,NO,NEVER,null,NO
postgres,public,bid_request_summary,bid_count,15,null,YES,bigint,null,null,64,2,0,null,null,null,null,null,null,null,null,null,null,null,null,postgres,pg_catalog,int8,null,null,null,null,15,NO,NO,null,null,null,null,null,NO,NEVER,null,NO
postgres,public,bid_request_summary,lowest_bid_amount,16,null,YES,numeric,null,null,null,10,null,null,null,null,null,null,null,null,null,null,null,null,null,postgres,pg_catalog,numeric,null,null,null,null,16,NO,NO,null,null,null,null,null,NO,NEVER,null,NO
postgres,public,bid_requests,id,1,gen_random_uuid(),NO,uuid,null,null,null,null,null,null,null,null,null,null,null,null,null,null,null,null,null,postgres,pg_catalog,uuid,null,null,null,null,1,NO,NO,null,null,null,null,null,NO,NEVER,null,YES
postgres,public,bid_requests,project_id,2,null,NO,uuid,null,null,null,null,null,null,null,null,null,null,null,null,null,null,null,null,null,postgres,pg_catalog,uuid,null,null,null,null,2,NO,NO,null,null,null,null,null,NO,NEVER,null,YES
postgres,public,bid_requests,user_id,3,null,NO,uuid,null,null,null,null,null,null,null,null,null,null,null,null,null,null,null,null,null,postgres,pg_catalog,uuid,null,null,null,null,3,NO,NO,null,null,null,null,null,NO,NEVER,null,YES
postgres,public,bid_requests,vendor_id,4,null,NO,uuid,null,null,null,null,null,null,null,null,null,null,null,null,null,null,null,null,null,postgres,pg_catalog,uuid,null,null,null,null,4,NO,NO,null,null,null,null,null,NO,NEVER,null,YES
postgres,public,bid_requests,trade_category_id,5,null,YES,uuid,null,null,null,null,null,null,null,null,null,null,null,null,null,null,null,null,null,postgres,pg_catalog,uuid,null,null,null,null,5,NO,NO,null,null,null,null,null,NO,NEVER,null,YES
postgres,public,bid_requests,phase_ids,6,null,NO,ARRAY,null,null,null,null,null,null,null,null,null,null,null,null,null,null,null,null,null,postgres,pg_catalog,_text,null,null,null,null,6,NO,NO,null,null,null,null,null,NO,NEVER,null,YES
postgres,public,bid_requests,scope_title,7,null,YES,text,null,1073741824,null,null,null,null,null,null,null,null,null,null,null,null,null,null,null,postgres,pg_catalog,text,null,null,null,null,7,NO,NO,null,null,null,null,null,NO,NEVER,null,YES
postgres,public,bid_requests,scope_description,8,null,YES,text,null,1073741824,null,null,null,null,null,null,null,null,null,null,null,null,null,null,null,postgres,pg_catalog,text,null,null,null,null,8,NO,NO,null,null,null,null,null,NO,NEVER,null,YES
postgres,public,bid_requests,status,9,'not_requested'::text,NO,text,null,1073741824,null,null,null,null,null,null,null,null,null,null,null,null,null,null,null,postgres,pg_catalog,text,null,null,null,null,9,NO,NO,null,null,null,null,null,NO,NEVER,null,YES
postgres,public,bid_requests,request_method,10,null,NO,text,null,1073741824,null,null,null,null,null,null,null,null,null,null,null,null,null,null,null,postgres,pg_catalog,text,null,null,null,null,10,NO,NO,null,null,null,null,null,NO,NEVER,null,YES
postgres,public,bid_requests,requested_at,11,null,YES,timestamp with time zone,null,null,null,null,null,6,null,null,null,null,null,null,null,null,null,null,null,postgres,pg_catalog,timestamptz,null,null,null,null,11,NO,NO,null,null,null,null,null,NO,NEVER,null,YES
postgres,public,bid_requests,due_date,12,null,YES,timestamp with time zone,null,null,null,null,null,6,null,null,null,null,null,null,null,null,null,null,null,postgres,pg_catalog,timestamptz,null,null,null,null,12,NO,NO,null,null,null,null,null,NO,NEVER,null,YES
postgres,public,bid_requests,reminder_sent_at,13,null,YES,timestamp with time zone,null,null,null,null,null,6,null,null,null,null,null,null,null,null,null,null,null,postgres,pg_catalog,timestamptz,null,null,null,null,13,NO,NO,null,null,null,null,null,NO,NEVER,null,YES
postgres,public,bid_requests,expires_at,14,null,YES,timestamp with time zone,null,null,null,null,null,6,null,null,null,null,null,null,null,null,null,null,null,postgres,pg_catalog,timestamptz,null,null,null,null,14,NO,NO,null,null,null,null,null,NO,NEVER,null,YES
postgres,public,bid_requests,message_sent,15,null,YES,text,null,1073741824,null,null,null,null,null,null,null,null,null,null,null,null,null,null,null,postgres,pg_catalog,text,null,null,null,null,15,NO,NO,null,null,null,null,null,NO,NEVER,null,YES
postgres,public,bid_requests,email_subject,16,null,YES,text,null,1073741824,null,null,null,null,null,null,null,null,null,null,null,null,null,null,null,postgres,pg_catalog,text,null,null,null,null,16,NO,NO,null,null,null,null,null,NO,NEVER,null,YES
postgres,public,bid_requests,follow_up_count,17,0,YES,integer,null,null,32,2,0,null,null,null,null,null,null,null,null,null,null,null,null,postgres,pg_catalog,int4,null,null,null,null,17,NO,NO,null,null,null,null,null,NO,NEVER,null,YES
postgres,public,bid_requests,user_email_account,18,null,YES,text,null,1073741824,null,null,null,null,null,null,null,null,null,null,null,null,null,null,null,postgres,pg_catalog,text,null,null,null,null,18,NO,NO,null,null,null,null,null,NO,NEVER,null,YES
postgres,public,bid_requests,email_thread_id,19,null,YES,text,null,1073741824,null,null,null,null,null,null,null,null,null,null,null,null,null,null,null,postgres,pg_catalog,text,null,null,null,null,19,NO,NO,null,null,null,null,null,NO,NEVER,null,YES
postgres,public,bid_requests,created_at,20,now(),YES,timestamp with time zone,null,null,null,null,null,6,null,null,null,null,null,null,null,null,null,null,null,postgres,pg_catalog,timestamptz,null,null,null,null,20,NO,NO,null,null,null,null,null,NO,NEVER,null,YES
postgres,public,bid_requests,updated_at,21,now(),YES,timestamp with time zone,null,null,null,null,null,6,null,null,null,null,null,null,null,null,null,null,null,postgres,pg_catalog,timestamptz,null,null,null,null,21,NO,NO,null,null,null,null,null,NO,NEVER,null,YES
postgres,public,bids,id,1,gen_random_uuid(),NO,uuid,null,null,null,null,null,null,null,null,null,null,null,null,null,null,null,null,null,postgres,pg_catalog,uuid,null,null,null,null,1,NO,NO,null,null,null,null,null,NO,NEVER,null,YES
postgres,public,bids,bid_request_id,2,null,NO,uuid,null,null,null,null,null,null,null,null,null,null,null,null,null,null,null,null,null,postgres,pg_catalog,uuid,null,null,null,null,2,NO,NO,null,null,null,null,null,NO,NEVER,null,YES
postgres,public,bids,vendor_id,3,null,NO,uuid,null,null,null,null,null,null,null,null,null,null,null,null,null,null,null,null,null,postgres,pg_catalog,uuid,null,null,null,null,3,NO,NO,null,null,null,null,null,NO,NEVER,null,YES
postgres,public,bids,project_id,4,null,NO,uuid,null,null,null,null,null,null,null,null,null,null,null,null,null,null,null,null,null,postgres,pg_catalog,uuid,null,null,null,null,4,NO,NO,null,null,null,null,null,NO,NEVER,null,YES
postgres,public,bids,total_amount,5,null,NO,numeric,null,null,12,10,2,null,null,null,null,null,null,null,null,null,null,null,null,postgres,pg_catalog,numeric,null,null,null,null,5,NO,NO,null,null,null,null,null,NO,NEVER,null,YES
postgres,public,bids,materials_cost,6,0,YES,numeric,null,null,12,10,2,null,null,null,null,null,null,null,null,null,null,null,null,postgres,pg_catalog,numeric,null,null,null,null,6,NO,NO,null,null,null,null,null,NO,NEVER,null,YES
postgres,public,bids,labor_cost,7,0,YES,numeric,null,null,12,10,2,null,null,null,null,null,null,null,null,null,null,null,null,postgres,pg_catalog,numeric,null,null,null,null,7,NO,NO,null,null,null,null,null,NO,NEVER,null,YES
postgres,public,bids,phase_costs,8,'{}'::jsonb,YES,jsonb,null,null,null,null,null,null,null,null,null,null,null,null,null,null,null,null,null,postgres,pg_catalog,jsonb,null,null,null,null,8,NO,NO,null,null,null,null,null,NO,NEVER,null,YES
postgres,public,bids,timeline_days,9,null,YES,integer,null,null,32,2,0,null,null,null,null,null,null,null,null,null,null,null,null,postgres,pg_catalog,int4,null,null,null,null,9,NO,NO,null,null,null,null,null,NO,NEVER,null,YES
postgres,public,bids,timeline_description,10,null,YES,text,null,1073741824,null,null,null,null,null,null,null,null,null,null,null,null,null,null,null,postgres,pg_catalog,text,null,null,null,null,10,NO,NO,null,null,null,null,null,NO,NEVER,null,YES
postgres,public,bids,start_date,11,null,YES,date,null,null,null,null,null,0,null,null,null,null,null,null,null,null,null,null,null,postgres,pg_catalog,date,null,null,null,null,11,NO,NO,null,null,null,null,null,NO,NEVER,null,YES
postgres,public,bids,completion_date,12,null,YES,date,null,null,null,null,null,0,null,null,null,null,null,null,null,null,null,null,null,postgres,pg_catalog,date,null,null,null,null,12,NO,NO,null,null,null,null,null,NO,NEVER,null,YES
postgres,public,bids,notes,13,null,YES,text,null,1073741824,null,null,null,null,null,null,null,null,null,null,null,null,null,null,null,postgres,pg_catalog,text,null,null,null,null,13,NO,NO,null,null,null,null,null,NO,NEVER,null,YES
postgres,public,bids,warranty_info,14,null,YES,text,null,1073741824,null,null,null,null,null,null,null,null,null,null,null,null,null,null,null,postgres,pg_catalog,text,null,null,null,null,14,NO,NO,null,null,null,null,null,NO,NEVER,null,YES
postgres,public,bids,payment_terms,15,null,YES,text,null,1073741824,null,null,null,null,null,null,null,null,null,null,null,null,null,null,null,postgres,pg_catalog,text,null,null,null,null,15,NO,NO,null,null,null,null,null,NO,NEVER,null,YES
postgres,public,bids,exclusions,16,null,YES,text,null,1073741824,null,null,null,null,null,null,null,null,null,null,null,null,null,null,null,postgres,pg_catalog,text,null,null,null,null,16,NO,NO,null,null,null,null,null,NO,NEVER,null,YES
postgres,public,bids,assumptions,17,null,YES,text,null,1073741824,null,null,null,null,null,null,null,null,null,null,null,null,null,null,null,postgres,pg_catalog,text,null,null,null,null,17,NO,NO,null,null,null,null,null,NO,NEVER,null,YES
postgres,public,bids,attachments,18,'[]'::jsonb,YES,jsonb,null,null,null,null,null,null,null,null,null,null,null,null,null,null,null,null,null,postgres,pg_catalog,jsonb,null,null,null,null,18,NO,NO,null,null,null,null,null,NO,NEVER,null,YES
postgres,public,bids,status,19,'submitted'::text,NO,text,null,1073741824,null,null,null,null,null,null,null,null,null,null,null,null,null,null,null,postgres,pg_catalog,text,null,null,null,null,19,NO,NO,null,null,null,null,null,NO,NEVER,null,YES
postgres,public,bids,reviewed_at,20,null,YES,timestamp with time zone,null,null,null,null,null,6,null,null,null,null,null,null,null,null,null,null,null,postgres,pg_catalog,timestamptz,null,null,null,null,20,NO,NO,null,null,null,null,null,NO,NEVER,null,YES
postgres,public,bids,reviewed_by,21,null,YES,uuid,null,null,null,null,null,null,null,null,null,null,null,null,null,null,null,null,null,postgres,pg_catalog,uuid,null,null,null,null,21,NO,NO,null,null,null,null,null,NO,NEVER,null,YES
postgres,public,bids,rejection_reason,22,null,YES,text,null,1073741824,null,null,null,null,null,null,null,null,null,null,null,null,null,null,null,postgres,pg_catalog,text,null,null,null,null,22,NO,NO,null,null,null,null,null,NO,NEVER,null,YES
postgres,public,bids,is_lowest_bid,23,false,YES,boolean,null,null,null,null,null,null,null,null,null,null,null,null,null,null,null,null,null,postgres,pg_catalog,bool,null,null,null,null,23,NO,NO,null,null,null,null,null,NO,NEVER,null,YES
postgres,public,bids,is_highest_rated_vendor,24,false,YES,boolean,null,null,null,null,null,null,null,null,null,null,null,null,null,null,null,null,null,postgres,pg_catalog,bool,null,null,null,null,24,NO,NO,null,null,null,null,null,NO,NEVER,null,YES
postgres,public,bids,comparison_rank,25,null,YES,integer,null,null,32,2,0,null,null,null,null,null,null,null,null,null,null,null,null,postgres,pg_catalog,int4,null,null,null,null,25,NO,NO,null,null,null,null,null,NO,NEVER,null,YES
postgres,public,bids,submitted_at,26,now(),YES,timestamp with time zone,null,null,null,null,null,6,null,null,null,null,null,null,null,null,null,null,null,postgres,pg_catalog,timestamptz,null,null,null,null,26,NO,NO,null,null,null,null,null,NO,NEVER,null,YES
postgres,public,bids,created_at,27,now(),YES,timestamp with time zone,null,null,null,null,null,6,null,null,null,null,null,null,null,null,null,null,null,postgres,pg_catalog,timestamptz,null,null,null,null,27,NO,NO,null,null,null,null,null,NO,NEVER,null,YES
postgres,public,bids,updated_at,28,now(),YES,timestamp with time zone,null,null,null,null,null,6,null,null,null,null,null,null,null,null,null,null,null,postgres,pg_catalog,timestamptz,null,null,null,null,28,NO,NO,null,null,null,null,null,NO,NEVER,null,YES
postgres,public,budget_items,id,1,gen_random_uuid(),NO,uuid,null,null,null,null,null,null,null,null,null,null,null,null,null,null,null,null,null,postgres,pg_catalog,uuid,null,null,null,null,1,NO,NO,null,null,null,null,null,NO,NEVER,null,YES
postgres,public,budget_items,project_id,2,null,NO,uuid,null,null,null,null,null,null,null,null,null,null,null,null,null,null,null,null,null,postgres,pg_catalog,uuid,null,null,null,null,2,NO,NO,null,null,null,null,null,NO,NEVER,null,YES
postgres,public,budget_items,phase_id,3,null,NO,text,null,1073741824,null,null,null,null,null,null,null,null,null,null,null,null,null,null,null,postgres,pg_catalog,text,null,null,null,null,3,NO,NO,null,null,null,null,null,NO,NEVER,null,YES
postgres,public,budget_items,description,4,null,NO,text,null,1073741824,null,null,null,null,null,null,null,null,null,null,null,null,null,null,null,postgres,pg_catalog,text,null,null,null,null,4,NO,NO,null,null,null,null,null,NO,NEVER,null,YES
postgres,public,budget_items,materials,5,0,NO,numeric,null,null,null,10,null,null,null,null,null,null,null,null,null,null,null,null,null,postgres,pg_catalog,numeric,null,null,null,null,5,NO,NO,null,null,null,null,null,NO,NEVER,null,YES
postgres,public,budget_items,labor,6,0,NO,numeric,null,null,null,10,null,null,null,null,null,null,null,null,null,null,null,null,null,postgres,pg_catalog,numeric,null,null,null,null,6,NO,NO,null,null,null,null,null,NO,NEVER,null,YES
postgres,public,budget_items,vendor,7,''::text,NO,text,null,1073741824,null,null,null,null,null,null,null,null,null,null,null,null,null,null,null,postgres,pg_catalog,text,null,null,null,null,7,NO,NO,null,null,null,null,null,NO,NEVER,null,YES
postgres,public,budget_items,estimated_cost,8,0,NO,numeric,null,null,null,10,null,null,null,null,null,null,null,null,null,null,null,null,null,postgres,pg_catalog,numeric,null,null,null,null,8,NO,NO,null,null,null,null,null,NO,NEVER,null,YES
postgres,public,budget_items,actual_cost,9,0,NO,numeric,null,null,null,10,null,null,null,null,null,null,null,null,null,null,null,null,null,postgres,pg_catalog,numeric,null,null,null,null,9,NO,NO,null,null,null,null,null,NO,NEVER,null,YES
postgres,public,budget_items,current_paid,10,0,NO,numeric,null,null,null,10,null,null,null,null,null,null,null,null,null,null,null,null,null,postgres,pg_catalog,numeric,null,null,null,null,10,NO,NO,null,null,null,null,null,NO,NEVER,null,YES
postgres,public,budget_items,due,11,0,NO,numeric,null,null,null,10,null,null,null,null,null,null,null,null,null,null,null,null,null,postgres,pg_catalog,numeric,null,null,null,null,11,NO,NO,null,null,null,null,null,NO,NEVER,null,YES
postgres,public,budget_items,sort_order,12,0,NO,integer,null,null,32,2,0,null,null,null,null,null,null,null,null,null,null,null,null,postgres,pg_catalog,int4,null,null,null,null,12,NO,NO,null,null,null,null,null,NO,NEVER,null,YES
postgres,public,budget_items,is_custom,13,false,NO,boolean,null,null,null,null,null,null,null,null,null,null,null,null,null,null,null,null,null,postgres,pg_catalog,bool,null,null,null,null,13,NO,NO,null,null,null,null,null,NO,NEVER,null,YES
postgres,public,budget_items,created_at,14,now(),NO,timestamp with time zone,null,null,null,null,null,6,null,null,null,null,null,null,null,null,null,null,null,postgres,pg_catalog,timestamptz,null,null,null,null,14,NO,NO,null,null,null,null,null,NO,NEVER,null,YES
postgres,public,budget_items,updated_at,15,now(),NO,timestamp with time zone,null,null,null,null,null,6,null,null,null,null,null,null,null,null,null,null,null,postgres,pg_catalog,timestamptz,null,null,null,null,15,NO,NO,null,null,null,null,null,NO,NEVER,null,YES
postgres,public,email_communications,id,1,gen_random_uuid(),NO,uuid,null,null,null,null,null,null,null,null,null,null,null,null,null,null,null,null,null,postgres,pg_catalog,uuid,null,null,null,null,1,NO,NO,null,null,null,null,null,NO,NEVER,null,YES
postgres,public,email_communications,bid_request_id,2,null,NO,uuid,null,null,null,null,null,null,null,null,null,null,null,null,null,null,null,null,null,postgres,pg_catalog,uuid,null,null,null,null,2,NO,NO,null,null,null,null,null,NO,NEVER,null,YES
postgres,public,email_communications,project_id,3,null,NO,uuid,null,null,null,null,null,null,null,null,null,null,null,null,null,null,null,null,null,postgres,pg_catalog,uuid,null,null,null,null,3,NO,NO,null,null,null,null,null,NO,NEVER,null,YES
postgres,public,email_communications,user_id,4,null,NO,uuid,null,null,null,null,null,null,null,null,null,null,null,null,null,null,null,null,null,postgres,pg_catalog,uuid,null,null,null,null,4,NO,NO,null,null,null,null,null,NO,NEVER,null,YES
postgres,public,email_communications,vendor_id,5,null,YES,uuid,null,null,null,null,null,null,null,null,null,null,null,null,null,null,null,null,null,postgres,pg_catalog,uuid,null,null,null,null,5,NO,NO,null,null,null,null,null,NO,NEVER,null,YES
postgres,public,email_communications,email_type,6,null,NO,text,null,1073741824,null,null,null,null,null,null,null,null,null,null,null,null,null,null,null,postgres,pg_catalog,text,null,null,null,null,6,NO,NO,null,null,null,null,null,NO,NEVER,null,YES
postgres,public,email_communications,from_email,7,null,NO,text,null,1073741824,null,null,null,null,null,null,null,null,null,null,null,null,null,null,null,postgres,pg_catalog,text,null,null,null,null,7,NO,NO,null,null,null,null,null,NO,NEVER,null,YES
postgres,public,email_communications,to_email,8,null,NO,text,null,1073741824,null,null,null,null,null,null,null,null,null,null,null,null,null,null,null,postgres,pg_catalog,text,null,null,null,null,8,NO,NO,null,null,null,null,null,NO,NEVER,null,YES
postgres,public,email_communications,cc_emails,9,null,YES,ARRAY,null,null,null,null,null,null,null,null,null,null,null,null,null,null,null,null,null,postgres,pg_catalog,_text,null,null,null,null,9,NO,NO,null,null,null,null,null,NO,NEVER,null,YES
postgres,public,email_communications,bcc_emails,10,null,YES,ARRAY,null,null,null,null,null,null,null,null,null,null,null,null,null,null,null,null,null,postgres,pg_catalog,_text,null,null,null,null,10,NO,NO,null,null,null,null,null,NO,NEVER,null,YES
postgres,public,email_communications,subject,11,null,NO,text,null,1073741824,null,null,null,null,null,null,null,null,null,null,null,null,null,null,null,postgres,pg_catalog,text,null,null,null,null,11,NO,NO,null,null,null,null,null,NO,NEVER,null,YES
postgres,public,email_communications,body_text,12,null,YES,text,null,1073741824,null,null,null,null,null,null,null,null,null,null,null,null,null,null,null,postgres,pg_catalog,text,null,null,null,null,12,NO,NO,null,null,null,null,null,NO,NEVER,null,YES
postgres,public,email_communications,body_html,13,null,YES,text,null,1073741824,null,null,null,null,null,null,null,null,null,null,null,null,null,null,null,postgres,pg_catalog,text,null,null,null,null,13,NO,NO,null,null,null,null,null,NO,NEVER,null,YES
postgres,public,email_communications,send_method,14,null,NO,text,null,1073741824,null,null,null,null,null,null,null,null,null,null,null,null,null,null,null,postgres,pg_catalog,text,null,null,null,null,14,NO,NO,null,null,null,null,null,NO,NEVER,null,YES
postgres,public,email_communications,oauth_provider,15,null,YES,text,null,1073741824,null,null,null,null,null,null,null,null,null,null,null,null,null,null,null,postgres,pg_catalog,text,null,null,null,null,15,NO,NO,null,null,null,null,null,NO,NEVER,null,YES
postgres,public,email_communications,oauth_account_email,16,null,YES,text,null,1073741824,null,null,null,null,null,null,null,null,null,null,null,null,null,null,null,postgres,pg_catalog,text,null,null,null,null,16,NO,NO,null,null,null,null,null,NO,NEVER,null,YES
postgres,public,email_communications,message_id,17,null,YES,text,null,1073741824,null,null,null,null,null,null,null,null,null,null,null,null,null,null,null,postgres,pg_catalog,text,null,null,null,null,17,NO,NO,null,null,null,null,null,NO,NEVER,null,YES
postgres,public,email_communications,thread_id,18,null,YES,text,null,1073741824,null,null,null,null,null,null,null,null,null,null,null,null,null,null,null,postgres,pg_catalog,text,null,null,null,null,18,NO,NO,null,null,null,null,null,NO,NEVER,null,YES
postgres,public,email_communications,status,19,'draft'::text,NO,text,null,1073741824,null,null,null,null,null,null,null,null,null,null,null,null,null,null,null,postgres,pg_catalog,text,null,null,null,null,19,NO,NO,null,null,null,null,null,NO,NEVER,null,YES
postgres,public,email_communications,sent_at,20,null,YES,timestamp with time zone,null,null,null,null,null,6,null,null,null,null,null,null,null,null,null,null,null,postgres,pg_catalog,timestamptz,null,null,null,null,20,NO,NO,null,null,null,null,null,NO,NEVER,null,YES
postgres,public,email_communications,delivered_at,21,null,YES,timestamp with time zone,null,null,null,null,null,6,null,null,null,null,null,null,null,null,null,null,null,postgres,pg_catalog,timestamptz,null,null,null,null,21,NO,NO,null,null,null,null,null,NO,NEVER,null,YES
postgres,public,email_communications,opened_at,22,null,YES,timestamp with time zone,null,null,null,null,null,6,null,null,null,null,null,null,null,null,null,null,null,postgres,pg_catalog,timestamptz,null,null,null,null,22,NO,NO,null,null,null,null,null,NO,NEVER,null,YES
postgres,public,email_communications,clicked_at,23,null,YES,timestamp with time zone,null,null,null,null,null,6,null,null,null,null,null,null,null,null,null,null,null,postgres,pg_catalog,timestamptz,null,null,null,null,23,NO,NO,null,null,null,null,null,NO,NEVER,null,YES
postgres,public,email_communications,bounced_at,24,null,YES,timestamp with time zone,null,null,null,null,null,6,null,null,null,null,null,null,null,null,null,null,null,postgres,pg_catalog,timestamptz,null,null,null,null,24,NO,NO,null,null,null,null,null,NO,NEVER,null,YES
postgres,public,email_communications,failed_at,25,null,YES,timestamp with time zone,null,null,null,null,null,6,null,null,null,null,null,null,null,null,null,null,null,postgres,pg_catalog,timestamptz,null,null,null,null,25,NO,NO,null,null,null,null,null,NO,NEVER,null,YES
postgres,public,email_communications,error_message,26,null,YES,text,null,1073741824,null,null,null,null,null,null,null,null,null,null,null,null,null,null,null,postgres,pg_catalog,text,null,null,null,null,26,NO,NO,null,null,null,null,null,NO,NEVER,null,YES
postgres,public,email_communications,open_count,27,0,YES,integer,null,null,32,2,0,null,null,null,null,null,null,null,null,null,null,null,null,postgres,pg_catalog,int4,null,null,null,null,27,NO,NO,null,null,null,null,null,NO,NEVER,null,YES
postgres,public,email_communications,click_count,28,0,YES,integer,null,null,32,2,0,null,null,null,null,null,null,null,null,null,null,null,null,postgres,pg_catalog,int4,null,null,null,null,28,NO,NO,null,null,null,null,null,NO,NEVER,null,YES
postgres,public,email_communications,reply_received,29,false,YES,boolean,null,null,null,null,null,null,null,null,null,null,null,null,null,null,null,null,null,postgres,pg_catalog,bool,null,null,null,null,29,NO,NO,null,null,null,null,null,NO,NEVER,null,YES
postgres,public,email_communications,reply_at,30,null,YES,timestamp with time zone,null,null,null,null,null,6,null,null,null,null,null,null,null,null,null,null,null,postgres,pg_catalog,timestamptz,null,null,null,null,30,NO,NO,null,null,null,null,null,NO,NEVER,null,YES
postgres,public,email_communications,reply_body,31,null,YES,text,null,1073741824,null,null,null,null,null,null,null,null,null,null,null,null,null,null,null,postgres,pg_catalog,text,null,null,null,null,31,NO,NO,null,null,null,null,null,NO,NEVER,null,YES
postgres,public,email_communications,attachments,32,'[]'::jsonb,YES,jsonb,null,null,null,null,null,null,null,null,null,null,null,null,null,null,null,null,null,postgres,pg_catalog,jsonb,null,null,null,null,32,NO,NO,null,null,null,null,null,NO,NEVER,null,YES
postgres,public,email_communications,created_at,33,now(),YES,timestamp with time zone,null,null,null,null,null,6,null,null,null,null,null,null,null,null,null,null,null,postgres,pg_catalog,timestamptz,null,null,null,null,33,NO,NO,null,null,null,null,null,NO,NEVER,null,YES
postgres,public,email_communications,updated_at,34,now(),YES,timestamp with time zone,null,null,null,null,null,6,null,null,null,null,null,null,null,null,null,null,null,postgres,pg_catalog,timestamptz,null,null,null,null,34,NO,NO,null,null,null,null,null,NO,NEVER,null,YES
postgres,public,email_templates,id,1,gen_random_uuid(),NO,uuid,null,null,null,null,null,null,null,null,null,null,null,null,null,null,null,null,null,postgres,pg_catalog,uuid,null,null,null,null,1,NO,NO,null,null,null,null,null,NO,NEVER,null,YES
postgres,public,email_templates,user_id,2,null,YES,uuid,null,null,null,null,null,null,null,null,null,null,null,null,null,null,null,null,null,postgres,pg_catalog,uuid,null,null,null,null,2,NO,NO,null,null,null,null,null,NO,NEVER,null,YES
postgres,public,email_templates,trade_category_id,3,null,YES,uuid,null,null,null,null,null,null,null,null,null,null,null,null,null,null,null,null,null,postgres,pg_catalog,uuid,null,null,null,null,3,NO,NO,null,null,null,null,null,NO,NEVER,null,YES
postgres,public,email_templates,name,4,null,NO,text,null,1073741824,null,null,null,null,null,null,null,null,null,null,null,null,null,null,null,postgres,pg_catalog,text,null,null,null,null,4,NO,NO,null,null,null,null,null,NO,NEVER,null,YES
postgres,public,email_templates,subject,5,null,NO,text,null,1073741824,null,null,null,null,null,null,null,null,null,null,null,null,null,null,null,postgres,pg_catalog,text,null,null,null,null,5,NO,NO,null,null,null,null,null,NO,NEVER,null,YES
postgres,public,email_templates,body_text,6,null,NO,text,null,1073741824,null,null,null,null,null,null,null,null,null,null,null,null,null,null,null,postgres,pg_catalog,text,null,null,null,null,6,NO,NO,null,null,null,null,null,NO,NEVER,null,YES
postgres,public,email_templates,body_html,7,null,YES,text,null,1073741824,null,null,null,null,null,null,null,null,null,null,null,null,null,null,null,postgres,pg_catalog,text,null,null,null,null,7,NO,NO,null,null,null,null,null,NO,NEVER,null,YES
postgres,public,email_templates,is_default,8,false,YES,boolean,null,null,null,null,null,null,null,null,null,null,null,null,null,null,null,null,null,postgres,pg_catalog,bool,null,null,null,null,8,NO,NO,null,null,null,null,null,NO,NEVER,null,YES
postgres,public,email_templates,is_system,9,false,YES,boolean,null,null,null,null,null,null,null,null,null,null,null,null,null,null,null,null,null,postgres,pg_catalog,bool,null,null,null,null,9,NO,NO,null,null,null,null,null,NO,NEVER,null,YES
postgres,public,email_templates,created_at,10,now(),YES,timestamp with time zone,null,null,null,null,null,6,null,null,null,null,null,null,null,null,null,null,null,postgres,pg_catalog,timestamptz,null,null,null,null,10,NO,NO,null,null,null,null,null,NO,NEVER,null,YES
postgres,public,email_templates,updated_at,11,now(),YES,timestamp with time zone,null,null,null,null,null,6,null,null,null,null,null,null,null,null,null,null,null,postgres,pg_catalog,timestamptz,null,null,null,null,11,NO,NO,null,null,null,null,null,NO,NEVER,null,YES
postgres,public,project_profiles,id,1,gen_random_uuid(),NO,uuid,null,null,null,null,null,null,null,null,null,null,null,null,null,null,null,null,null,postgres,pg_catalog,uuid,null,null,null,null,1,NO,NO,null,null,null,null,null,NO,NEVER,null,YES
postgres,public,project_profiles,user_id,2,null,YES,uuid,null,null,null,null,null,null,null,null,null,null,null,null,null,null,null,null,null,postgres,pg_catalog,uuid,null,null,null,null,2,NO,NO,null,null,null,null,null,NO,NEVER,null,YES
postgres,public,project_profiles,project_id,3,null,YES,uuid,null,null,null,null,null,null,null,null,null,null,null,null,null,null,null,null,null,postgres,pg_catalog,uuid,null,null,null,null,3,NO,NO,null,null,null,null,null,NO,NEVER,null,YES
postgres,public,project_profiles,role,4,null,NO,text,null,1073741824,null,null,null,null,null,null,null,null,null,null,null,null,null,null,null,postgres,pg_catalog,text,null,null,null,null,4,NO,NO,null,null,null,null,null,NO,NEVER,null,YES
postgres,public,project_profiles,experience,5,null,NO,text,null,1073741824,null,null,null,null,null,null,null,null,null,null,null,null,null,null,null,postgres,pg_catalog,text,null,null,null,null,5,NO,NO,null,null,null,null,null,NO,NEVER,null,YES
postgres,public,project_profiles,subcontractor_help,6,null,NO,text,null,1073741824,null,null,null,null,null,null,null,null,null,null,null,null,null,null,null,postgres,pg_catalog,text,null,null,null,null,6,NO,NO,null,null,null,null,null,NO,NEVER,null,YES
postgres,public,project_profiles,construction_method,7,null,NO,text,null,1073741824,null,null,null,null,null,null,null,null,null,null,null,null,null,null,null,postgres,pg_catalog,text,null,null,null,null,7,NO,NO,null,null,null,null,null,NO,NEVER,null,YES
postgres,public,project_profiles,weekly_hourly_commitment,8,null,NO,text,null,1073741824,null,null,null,null,null,null,null,null,null,null,null,null,null,null,null,postgres,pg_catalog,text,null,null,null,null,8,NO,NO,null,null,null,null,null,NO,NEVER,null,YES
postgres,public,project_profiles,current_phase_id,9,null,YES,text,null,1073741824,null,null,null,null,null,null,null,null,null,null,null,null,null,null,null,postgres,pg_catalog,text,null,null,null,null,9,NO,NO,null,null,null,null,null,NO,NEVER,null,YES
postgres,public,project_profiles,diy_phase_ids,10,null,NO,ARRAY,null,null,null,null,null,null,null,null,null,null,null,null,null,null,null,null,null,postgres,pg_catalog,_text,null,null,null,null,10,NO,NO,null,null,null,null,null,NO,NEVER,null,YES
postgres,public,project_profiles,created_at,11,now(),YES,timestamp with time zone,null,null,null,null,null,6,null,null,null,null,null,null,null,null,null,null,null,postgres,pg_catalog,timestamptz,null,null,null,null,11,NO,NO,null,null,null,null,null,NO,NEVER,null,YES
postgres,public,project_profiles,updated_at,12,now(),YES,timestamp with time zone,null,null,null,null,null,6,null,null,null,null,null,null,null,null,null,null,null,postgres,pg_catalog,timestamptz,null,null,null,null,12,NO,NO,null,null,null,null,null,NO,NEVER,null,YES
postgres,public,projects,id,1,gen_random_uuid(),NO,uuid,null,null,null,null,null,null,null,null,null,null,null,null,null,null,null,null,null,postgres,pg_catalog,uuid,null,null,null,null,1,NO,NO,null,null,null,null,null,NO,NEVER,null,YES
postgres,public,projects,user_id,2,null,YES,uuid,null,null,null,null,null,null,null,null,null,null,null,null,null,null,null,null,null,postgres,pg_catalog,uuid,null,null,null,null,2,NO,NO,null,null,null,null,null,NO,NEVER,null,YES
postgres,public,projects,name,3,null,NO,text,null,1073741824,null,null,null,null,null,null,null,null,null,null,null,null,null,null,null,postgres,pg_catalog,text,null,null,null,null,3,NO,NO,null,null,null,null,null,NO,NEVER,null,YES
postgres,public,projects,city_state,4,null,NO,text,null,1073741824,null,null,null,null,null,null,null,null,null,null,null,null,null,null,null,postgres,pg_catalog,text,null,null,null,null,4,NO,NO,null,null,null,null,null,NO,NEVER,null,YES
postgres,public,projects,property_address,5,null,YES,text,null,1073741824,null,null,null,null,null,null,null,null,null,null,null,null,null,null,null,postgres,pg_catalog,text,null,null,null,null,5,NO,NO,null,null,null,null,null,NO,NEVER,null,YES
postgres,public,projects,house_size,6,null,NO,text,null,1073741824,null,null,null,null,null,null,null,null,null,null,null,null,null,null,null,postgres,pg_catalog,text,null,null,null,null,6,NO,NO,null,null,null,null,null,NO,NEVER,null,YES
postgres,public,projects,foundation_type,7,null,NO,text,null,1073741824,null,null,null,null,null,null,null,null,null,null,null,null,null,null,null,postgres,pg_catalog,text,null,null,null,null,7,NO,NO,null,null,null,null,null,NO,NEVER,null,YES
postgres,public,projects,number_of_stories,8,null,NO,text,null,1073741824,null,null,null,null,null,null,null,null,null,null,null,null,null,null,null,postgres,pg_catalog,text,null,null,null,null,8,NO,NO,null,null,null,null,null,NO,NEVER,null,YES
postgres,public,projects,target_start_date,9,null,YES,date,null,null,null,null,null,0,null,null,null,null,null,null,null,null,null,null,null,postgres,pg_catalog,date,null,null,null,null,9,NO,NO,null,null,null,null,null,NO,NEVER,null,YES
postgres,public,projects,background,10,null,YES,text,null,1073741824,null,null,null,null,null,null,null,null,null,null,null,null,null,null,null,postgres,pg_catalog,text,null,null,null,null,10,NO,NO,null,null,null,null,null,NO,NEVER,null,YES
postgres,public,projects,created_at,11,now(),YES,timestamp with time zone,null,null,null,null,null,6,null,null,null,null,null,null,null,null,null,null,null,postgres,pg_catalog,timestamptz,null,null,null,null,11,NO,NO,null,null,null,null,null,NO,NEVER,null,YES
postgres,public,projects,updated_at,12,now(),YES,timestamp with time zone,null,null,null,null,null,6,null,null,null,null,null,null,null,null,null,null,null,postgres,pg_catalog,timestamptz,null,null,null,null,12,NO,NO,null,null,null,null,null,NO,NEVER,null,YES
postgres,public,roadmap_data,id,1,gen_random_uuid(),NO,uuid,null,null,null,null,null,null,null,null,null,null,null,null,null,null,null,null,null,postgres,pg_catalog,uuid,null,null,null,null,1,NO,NO,null,null,null,null,null,NO,NEVER,null,YES
postgres,public,roadmap_data,user_id,2,null,YES,uuid,null,null,null,null,null,null,null,null,null,null,null,null,null,null,null,null,null,postgres,pg_catalog,uuid,null,null,null,null,2,NO,NO,null,null,null,null,null,NO,NEVER,null,YES
postgres,public,roadmap_data,project_id,3,null,YES,uuid,null,null,null,null,null,null,null,null,null,null,null,null,null,null,null,null,null,postgres,pg_catalog,uuid,null,null,null,null,3,NO,NO,null,null,null,null,null,NO,NEVER,null,YES
postgres,public,roadmap_data,raw_api_response,4,null,NO,jsonb,null,null,null,null,null,null,null,null,null,null,null,null,null,null,null,null,null,postgres,pg_catalog,jsonb,null,null,null,null,4,NO,NO,null,null,null,null,null,NO,NEVER,null,YES
postgres,public,roadmap_data,needs_timeline_resubmission,5,false,YES,boolean,null,null,null,null,null,null,null,null,null,null,null,null,null,null,null,null,null,postgres,pg_catalog,bool,null,null,null,null,5,NO,NO,null,null,null,null,null,NO,NEVER,null,YES
postgres,public,roadmap_data,resubmission_reason,6,null,YES,text,null,1073741824,null,null,null,null,null,null,null,null,null,null,null,null,null,null,null,postgres,pg_catalog,text,null,null,null,null,6,NO,NO,null,null,null,null,null,NO,NEVER,null,YES
postgres,public,roadmap_data,created_at,7,now(),YES,timestamp with time zone,null,null,null,null,null,6,null,null,null,null,null,null,null,null,null,null,null,postgres,pg_catalog,timestamptz,null,null,null,null,7,NO,NO,null,null,null,null,null,NO,NEVER,null,YES
postgres,public,roadmap_data,updated_at,8,now(),YES,timestamp with time zone,null,null,null,null,null,6,null,null,null,null,null,null,null,null,null,null,null,postgres,pg_catalog,timestamptz,null,null,null,null,8,NO,NO,null,null,null,null,null,NO,NEVER,null,YES
postgres,public,roadmap_data,friendly_name,9,'My Project'::character varying,NO,character varying,255,1020,null,null,null,null,null,null,null,null,null,null,null,null,null,null,null,postgres,pg_catalog,varchar,null,null,null,null,9,NO,NO,null,null,null,null,null,NO,NEVER,null,YES
postgres,public,roadmap_generations,id,1,gen_random_uuid(),NO,uuid,null,null,null,null,null,null,null,null,null,null,null,null,null,null,null,null,null,postgres,pg_catalog,uuid,null,null,null,null,1,NO,NO,null,null,null,null,null,NO,NEVER,null,YES
postgres,public,roadmap_generations,roadmap_id,2,null,YES,uuid,null,null,null,null,null,null,null,null,null,null,null,null,null,null,null,null,null,postgres,pg_catalog,uuid,null,null,null,null,2,NO,NO,null,null,null,null,null,NO,NEVER,null,YES
postgres,public,roadmap_generations,generation_type,3,null,NO,text,null,1073741824,null,null,null,null,null,null,null,null,null,null,null,null,null,null,null,postgres,pg_catalog,text,null,null,null,null,3,NO,NO,null,null,null,null,null,NO,NEVER,null,YES
postgres,public,roadmap_generations,raw_api_response,4,null,NO,jsonb,null,null,null,null,null,null,null,null,null,null,null,null,null,null,null,null,null,postgres,pg_catalog,jsonb,null,null,null,null,4,NO,NO,null,null,null,null,null,NO,NEVER,null,YES
postgres,public,roadmap_generations,parsed_data,5,null,YES,jsonb,null,null,null,null,null,null,null,null,null,null,null,null,null,null,null,null,null,postgres,pg_catalog,jsonb,null,null,null,null,5,NO,NO,null,null,null,null,null,NO,NEVER,null,YES
postgres,public,roadmap_generations,metadata,6,null,YES,jsonb,null,null,null,null,null,null,null,null,null,null,null,null,null,null,null,null,null,postgres,pg_catalog,jsonb,null,null,null,null,6,NO,NO,null,null,null,null,null,NO,NEVER,null,YES
postgres,public,roadmap_generations,created_at,7,now(),YES,timestamp with time zone,null,null,null,null,null,6,null,null,null,null,null,null,null,null,null,null,null,postgres,pg_catalog,timestamptz,null,null,null,null,7,NO,NO,null,null,null,null,null,NO,NEVER,null,YES
postgres,public,roadmap_generations,updated_at,8,now(),YES,timestamp with time zone,null,null,null,null,null,6,null,null,null,null,null,null,null,null,null,null,null,postgres,pg_catalog,timestamptz,null,null,null,null,8,NO,NO,null,null,null,null,null,NO,NEVER,null,YES
postgres,public,roadmap_phases,id,1,gen_random_uuid(),NO,uuid,null,null,null,null,null,null,null,null,null,null,null,null,null,null,null,null,null,postgres,pg_catalog,uuid,null,null,null,null,1,NO,NO,null,null,null,null,null,NO,NEVER,null,YES
postgres,public,roadmap_phases,roadmap_id,2,null,YES,uuid,null,null,null,null,null,null,null,null,null,null,null,null,null,null,null,null,null,postgres,pg_catalog,uuid,null,null,null,null,2,NO,NO,null,null,null,null,null,NO,NEVER,null,YES
postgres,public,roadmap_phases,phase_id,3,null,NO,text,null,1073741824,null,null,null,null,null,null,null,null,null,null,null,null,null,null,null,postgres,pg_catalog,text,null,null,null,null,3,NO,NO,null,null,null,null,null,NO,NEVER,null,YES
postgres,public,roadmap_phases,title,4,null,NO,text,null,1073741824,null,null,null,null,null,null,null,null,null,null,null,null,null,null,null,postgres,pg_catalog,text,null,null,null,null,4,NO,NO,null,null,null,null,null,NO,NEVER,null,YES
postgres,public,roadmap_phases,detail_level,5,null,NO,text,null,1073741824,null,null,null,null,null,null,null,null,null,null,null,null,null,null,null,postgres,pg_catalog,text,null,null,null,null,5,NO,NO,null,null,null,null,null,NO,NEVER,null,YES
postgres,public,roadmap_phases,ai_generated_content,6,null,YES,text,null,1073741824,null,null,null,null,null,null,null,null,null,null,null,null,null,null,null,postgres,pg_catalog,text,null,null,null,null,6,NO,NO,null,null,null,null,null,NO,NEVER,null,YES
postgres,public,roadmap_phases,created_at,7,now(),YES,timestamp with time zone,null,null,null,null,null,6,null,null,null,null,null,null,null,null,null,null,null,postgres,pg_catalog,timestamptz,null,null,null,null,7,NO,NO,null,null,null,null,null,NO,NEVER,null,YES
postgres,public,roadmap_phases,updated_at,8,now(),YES,timestamp with time zone,null,null,null,null,null,6,null,null,null,null,null,null,null,null,null,null,null,postgres,pg_catalog,timestamptz,null,null,null,null,8,NO,NO,null,null,null,null,null,NO,NEVER,null,YES
postgres,public,roadmaps,id,1,gen_random_uuid(),NO,uuid,null,null,null,null,null,null,null,null,null,null,null,null,null,null,null,null,null,postgres,pg_catalog,uuid,null,null,null,null,1,NO,NO,null,null,null,null,null,NO,NEVER,null,YES
postgres,public,roadmaps,user_id,2,null,YES,uuid,null,null,null,null,null,null,null,null,null,null,null,null,null,null,null,null,null,postgres,pg_catalog,uuid,null,null,null,null,2,NO,NO,null,null,null,null,null,NO,NEVER,null,YES
postgres,public,roadmaps,project_id,3,null,YES,uuid,null,null,null,null,null,null,null,null,null,null,null,null,null,null,null,null,null,postgres,pg_catalog,uuid,null,null,null,null,3,NO,NO,null,null,null,null,null,NO,NEVER,null,YES
postgres,public,roadmaps,status,4,'active'::text,NO,text,null,1073741824,null,null,null,null,null,null,null,null,null,null,null,null,null,null,null,postgres,pg_catalog,text,null,null,null,null,4,NO,NO,null,null,null,null,null,NO,NEVER,null,YES
postgres,public,roadmaps,needs_timeline_resubmission,5,false,YES,boolean,null,null,null,null,null,null,null,null,null,null,null,null,null,null,null,null,null,postgres,pg_catalog,bool,null,null,null,null,5,NO,NO,null,null,null,null,null,NO,NEVER,null,YES
postgres,public,roadmaps,timeline_resubmission_reason,6,null,YES,text,null,1073741824,null,null,null,null,null,null,null,null,null,null,null,null,null,null,null,postgres,pg_catalog,text,null,null,null,null,6,NO,NO,null,null,null,null,null,NO,NEVER,null,YES
postgres,public,roadmaps,created_at,7,now(),YES,timestamp with time zone,null,null,null,null,null,6,null,null,null,null,null,null,null,null,null,null,null,postgres,pg_catalog,timestamptz,null,null,null,null,7,NO,NO,null,null,null,null,null,NO,NEVER,null,YES
postgres,public,roadmaps,updated_at,8,now(),YES,timestamp with time zone,null,null,null,null,null,6,null,null,null,null,null,null,null,null,null,null,null,postgres,pg_catalog,timestamptz,null,null,null,null,8,NO,NO,null,null,null,null,null,NO,NEVER,null,YES
postgres,public,trade_categories,id,1,gen_random_uuid(),NO,uuid,null,null,null,null,null,null,null,null,null,null,null,null,null,null,null,null,null,postgres,pg_catalog,uuid,null,null,null,null,1,NO,NO,null,null,null,null,null,NO,NEVER,null,YES
postgres,public,trade_categories,name,2,null,NO,text,null,1073741824,null,null,null,null,null,null,null,null,null,null,null,null,null,null,null,postgres,pg_catalog,text,null,null,null,null,2,NO,NO,null,null,null,null,null,NO,NEVER,null,YES
postgres,public,trade_categories,display_order,3,null,NO,integer,null,null,32,2,0,null,null,null,null,null,null,null,null,null,null,null,null,postgres,pg_catalog,int4,null,null,null,null,3,NO,NO,null,null,null,null,null,NO,NEVER,null,YES
postgres,public,trade_categories,icon,4,null,YES,text,null,1073741824,null,null,null,null,null,null,null,null,null,null,null,null,null,null,null,postgres,pg_catalog,text,null,null,null,null,4,NO,NO,null,null,null,null,null,NO,NEVER,null,YES
postgres,public,trade_categories,description,5,null,YES,text,null,1073741824,null,null,null,null,null,null,null,null,null,null,null,null,null,null,null,postgres,pg_catalog,text,null,null,null,null,5,NO,NO,null,null,null,null,null,NO,NEVER,null,YES
postgres,public,trade_categories,applies_to_methods,6,"ARRAY['traditional-frame'::text, 'post-frame'::text, 'icf'::text, 'sip'::text, 'modular'::text, 'other'::text]",YES,ARRAY,null,null,null,null,null,null,null,null,null,null,null,null,null,null,null,null,null,postgres,pg_catalog,_text,null,null,null,null,6,NO,NO,null,null,null,null,null,NO,NEVER,null,YES
postgres,public,trade_categories,is_multi_phase,7,false,YES,boolean,null,null,null,null,null,null,null,null,null,null,null,null,null,null,null,null,null,postgres,pg_catalog,bool,null,null,null,null,7,NO,NO,null,null,null,null,null,NO,NEVER,null,YES
postgres,public,trade_categories,typical_phases,8,null,YES,ARRAY,null,null,null,null,null,null,null,null,null,null,null,null,null,null,null,null,null,postgres,pg_catalog,_text,null,null,null,null,8,NO,NO,null,null,null,null,null,NO,NEVER,null,YES
postgres,public,trade_categories,created_at,9,now(),YES,timestamp with time zone,null,null,null,null,null,6,null,null,null,null,null,null,null,null,null,null,null,postgres,pg_catalog,timestamptz,null,null,null,null,9,NO,NO,null,null,null,null,null,NO,NEVER,null,YES
postgres,public,trade_categories,updated_at,10,now(),YES,timestamp with time zone,null,null,null,null,null,6,null,null,null,null,null,null,null,null,null,null,null,postgres,pg_catalog,timestamptz,null,null,null,null,10,NO,NO,null,null,null,null,null,NO,NEVER,null,YES
postgres,public,user_email_accounts,id,1,gen_random_uuid(),NO,uuid,null,null,null,null,null,null,null,null,null,null,null,null,null,null,null,null,null,postgres,pg_catalog,uuid,null,null,null,null,1,NO,NO,null,null,null,null,null,NO,NEVER,null,YES
postgres,public,user_email_accounts,user_id,2,null,NO,uuid,null,null,null,null,null,null,null,null,null,null,null,null,null,null,null,null,null,postgres,pg_catalog,uuid,null,null,null,null,2,NO,NO,null,null,null,null,null,NO,NEVER,null,YES
postgres,public,user_email_accounts,provider,3,null,NO,text,null,1073741824,null,null,null,null,null,null,null,null,null,null,null,null,null,null,null,postgres,pg_catalog,text,null,null,null,null,3,NO,NO,null,null,null,null,null,NO,NEVER,null,YES
postgres,public,user_email_accounts,email_address,4,null,NO,text,null,1073741824,null,null,null,null,null,null,null,null,null,null,null,null,null,null,null,postgres,pg_catalog,text,null,null,null,null,4,NO,NO,null,null,null,null,null,NO,NEVER,null,YES
postgres,public,user_email_accounts,display_name,5,null,YES,text,null,1073741824,null,null,null,null,null,null,null,null,null,null,null,null,null,null,null,postgres,pg_catalog,text,null,null,null,null,5,NO,NO,null,null,null,null,null,NO,NEVER,null,YES
postgres,public,user_email_accounts,access_token_encrypted,6,null,YES,text,null,1073741824,null,null,null,null,null,null,null,null,null,null,null,null,null,null,null,postgres,pg_catalog,text,null,null,null,null,6,NO,NO,null,null,null,null,null,NO,NEVER,null,YES
postgres,public,user_email_accounts,refresh_token_encrypted,7,null,YES,text,null,1073741824,null,null,null,null,null,null,null,null,null,null,null,null,null,null,null,postgres,pg_catalog,text,null,null,null,null,7,NO,NO,null,null,null,null,null,NO,NEVER,null,YES
postgres,public,user_email_accounts,token_expires_at,8,null,YES,timestamp with time zone,null,null,null,null,null,6,null,null,null,null,null,null,null,null,null,null,null,postgres,pg_catalog,timestamptz,null,null,null,null,8,NO,NO,null,null,null,null,null,NO,NEVER,null,YES
postgres,public,user_email_accounts,granted_scopes,9,null,YES,ARRAY,null,null,null,null,null,null,null,null,null,null,null,null,null,null,null,null,null,postgres,pg_catalog,_text,null,null,null,null,9,NO,NO,null,null,null,null,null,NO,NEVER,null,YES
postgres,public,user_email_accounts,is_primary,10,false,YES,boolean,null,null,null,null,null,null,null,null,null,null,null,null,null,null,null,null,null,postgres,pg_catalog,bool,null,null,null,null,10,NO,NO,null,null,null,null,null,NO,NEVER,null,YES
postgres,public,user_email_accounts,auto_sync,11,true,YES,boolean,null,null,null,null,null,null,null,null,null,null,null,null,null,null,null,null,null,postgres,pg_catalog,bool,null,null,null,null,11,NO,NO,null,null,null,null,null,NO,NEVER,null,YES
postgres,public,user_email_accounts,signature,12,null,YES,text,null,1073741824,null,null,null,null,null,null,null,null,null,null,null,null,null,null,null,postgres,pg_catalog,text,null,null,null,null,12,NO,NO,null,null,null,null,null,NO,NEVER,null,YES
postgres,public,user_email_accounts,is_active,13,true,YES,boolean,null,null,null,null,null,null,null,null,null,null,null,null,null,null,null,null,null,postgres,pg_catalog,bool,null,null,null,null,13,NO,NO,null,null,null,null,null,NO,NEVER,null,YES
postgres,public,user_email_accounts,last_synced_at,14,null,YES,timestamp with time zone,null,null,null,null,null,6,null,null,null,null,null,null,null,null,null,null,null,postgres,pg_catalog,timestamptz,null,null,null,null,14,NO,NO,null,null,null,null,null,NO,NEVER,null,YES
postgres,public,user_email_accounts,sync_error,15,null,YES,text,null,1073741824,null,null,null,null,null,null,null,null,null,null,null,null,null,null,null,postgres,pg_catalog,text,null,null,null,null,15,NO,NO,null,null,null,null,null,NO,NEVER,null,YES
postgres,public,user_email_accounts,created_at,16,now(),YES,timestamp with time zone,null,null,null,null,null,6,null,null,null,null,null,null,null,null,null,null,null,postgres,pg_catalog,timestamptz,null,null,null,null,16,NO,NO,null,null,null,null,null,NO,NEVER,null,YES
postgres,public,user_email_accounts,updated_at,17,now(),YES,timestamp with time zone,null,null,null,null,null,6,null,null,null,null,null,null,null,null,null,null,null,postgres,pg_catalog,timestamptz,null,null,null,null,17,NO,NO,null,null,null,null,null,NO,NEVER,null,YES
postgres,public,users,id,1,null,NO,uuid,null,null,null,null,null,null,null,null,null,null,null,null,null,null,null,null,null,postgres,pg_catalog,uuid,null,null,null,null,1,NO,NO,null,null,null,null,null,NO,NEVER,null,YES
postgres,public,users,email,2,null,NO,text,null,1073741824,null,null,null,null,null,null,null,null,null,null,null,null,null,null,null,postgres,pg_catalog,text,null,null,null,null,2,NO,NO,null,null,null,null,null,NO,NEVER,null,YES
postgres,public,users,first_name,3,null,YES,text,null,1073741824,null,null,null,null,null,null,null,null,null,null,null,null,null,null,null,postgres,pg_catalog,text,null,null,null,null,3,NO,NO,null,null,null,null,null,NO,NEVER,null,YES
postgres,public,users,last_name,4,null,YES,text,null,1073741824,null,null,null,null,null,null,null,null,null,null,null,null,null,null,null,postgres,pg_catalog,text,null,null,null,null,4,NO,NO,null,null,null,null,null,NO,NEVER,null,YES
postgres,public,users,phone,5,null,YES,text,null,1073741824,null,null,null,null,null,null,null,null,null,null,null,null,null,null,null,postgres,pg_catalog,text,null,null,null,null,5,NO,NO,null,null,null,null,null,NO,NEVER,null,YES
postgres,public,users,is_active,6,true,YES,boolean,null,null,null,null,null,null,null,null,null,null,null,null,null,null,null,null,null,postgres,pg_catalog,bool,null,null,null,null,6,NO,NO,null,null,null,null,null,NO,NEVER,null,YES
postgres,public,users,created_at,7,now(),YES,timestamp with time zone,null,null,null,null,null,6,null,null,null,null,null,null,null,null,null,null,null,postgres,pg_catalog,timestamptz,null,null,null,null,7,NO,NO,null,null,null,null,null,NO,NEVER,null,YES
postgres,public,users,updated_at,8,now(),YES,timestamp with time zone,null,null,null,null,null,6,null,null,null,null,null,null,null,null,null,null,null,postgres,pg_catalog,timestamptz,null,null,null,null,8,NO,NO,null,null,null,null,null,NO,NEVER,null,YES
postgres,public,vendor_performance_summary,id,1,null,YES,uuid,null,null,null,null,null,null,null,null,null,null,null,null,null,null,null,null,null,postgres,pg_catalog,uuid,null,null,null,null,1,NO,NO,null,null,null,null,null,NO,NEVER,null,NO
postgres,public,vendor_performance_summary,user_id,2,null,YES,uuid,null,null,null,null,null,null,null,null,null,null,null,null,null,null,null,null,null,postgres,pg_catalog,uuid,null,null,null,null,2,NO,NO,null,null,null,null,null,NO,NEVER,null,NO
postgres,public,vendor_performance_summary,name,3,null,YES,text,null,1073741824,null,null,null,null,null,null,null,null,null,null,null,null,null,null,null,postgres,pg_catalog,text,null,null,null,null,3,NO,NO,null,null,null,null,null,NO,NEVER,null,NO
postgres,public,vendor_performance_summary,trade_category_id,4,null,YES,uuid,null,null,null,null,null,null,null,null,null,null,null,null,null,null,null,null,null,postgres,pg_catalog,uuid,null,null,null,null,4,NO,NO,null,null,null,null,null,NO,NEVER,null,NO
postgres,public,vendor_performance_summary,total_requests_sent,5,null,YES,bigint,null,null,64,2,0,null,null,null,null,null,null,null,null,null,null,null,null,postgres,pg_catalog,int8,null,null,null,null,5,NO,NO,null,null,null,null,null,NO,NEVER,null,NO
postgres,public,vendor_performance_summary,total_bids_received,6,null,YES,bigint,null,null,64,2,0,null,null,null,null,null,null,null,null,null,null,null,null,postgres,pg_catalog,int8,null,null,null,null,6,NO,NO,null,null,null,null,null,NO,NEVER,null,NO
postgres,public,vendor_performance_summary,bids_accepted,7,null,YES,bigint,null,null,64,2,0,null,null,null,null,null,null,null,null,null,null,null,null,postgres,pg_catalog,int8,null,null,null,null,7,NO,NO,null,null,null,null,null,NO,NEVER,null,NO
postgres,public,vendor_performance_summary,avg_bid_amount,8,null,YES,numeric,null,null,null,10,null,null,null,null,null,null,null,null,null,null,null,null,null,postgres,pg_catalog,numeric,null,null,null,null,8,NO,NO,null,null,null,null,null,NO,NEVER,null,NO
postgres,public,vendor_performance_summary,review_count,9,null,YES,bigint,null,null,64,2,0,null,null,null,null,null,null,null,null,null,null,null,null,postgres,pg_catalog,int8,null,null,null,null,9,NO,NO,null,null,null,null,null,NO,NEVER,null,NO
postgres,public,vendor_performance_summary,avg_overall_rating,10,null,YES,numeric,null,null,null,10,null,null,null,null,null,null,null,null,null,null,null,null,null,postgres,pg_catalog,numeric,null,null,null,null,10,NO,NO,null,null,null,null,null,NO,NEVER,null,NO
postgres,public,vendor_performance_summary,avg_quality_rating,11,null,YES,numeric,null,null,null,10,null,null,null,null,null,null,null,null,null,null,null,null,null,postgres,pg_catalog,numeric,null,null,null,null,11,NO,NO,null,null,null,null,null,NO,NEVER,null,NO
postgres,public,vendor_performance_summary,avg_timeline_rating,12,null,YES,numeric,null,null,null,10,null,null,null,null,null,null,null,null,null,null,null,null,null,postgres,pg_catalog,numeric,null,null,null,null,12,NO,NO,null,null,null,null,null,NO,NEVER,null,NO
postgres,public,vendor_performance_summary,recommend_count,13,null,YES,bigint,null,null,64,2,0,null,null,null,null,null,null,null,null,null,null,null,null,postgres,pg_catalog,int8,null,null,null,null,13,NO,NO,null,null,null,null,null,NO,NEVER,null,NO
postgres,public,vendor_reviews,id,1,gen_random_uuid(),NO,uuid,null,null,null,null,null,null,null,null,null,null,null,null,null,null,null,null,null,postgres,pg_catalog,uuid,null,null,null,null,1,NO,NO,null,null,null,null,null,NO,NEVER,null,YES
postgres,public,vendor_reviews,vendor_id,2,null,NO,uuid,null,null,null,null,null,null,null,null,null,null,null,null,null,null,null,null,null,postgres,pg_catalog,uuid,null,null,null,null,2,NO,NO,null,null,null,null,null,NO,NEVER,null,YES
postgres,public,vendor_reviews,project_id,3,null,YES,uuid,null,null,null,null,null,null,null,null,null,null,null,null,null,null,null,null,null,postgres,pg_catalog,uuid,null,null,null,null,3,NO,NO,null,null,null,null,null,NO,NEVER,null,YES
postgres,public,vendor_reviews,user_id,4,null,NO,uuid,null,null,null,null,null,null,null,null,null,null,null,null,null,null,null,null,null,postgres,pg_catalog,uuid,null,null,null,null,4,NO,NO,null,null,null,null,null,NO,NEVER,null,YES
postgres,public,vendor_reviews,bid_id,5,null,YES,uuid,null,null,null,null,null,null,null,null,null,null,null,null,null,null,null,null,null,postgres,pg_catalog,uuid,null,null,null,null,5,NO,NO,null,null,null,null,null,NO,NEVER,null,YES
postgres,public,vendor_reviews,overall_rating,6,null,YES,integer,null,null,32,2,0,null,null,null,null,null,null,null,null,null,null,null,null,postgres,pg_catalog,int4,null,null,null,null,6,NO,NO,null,null,null,null,null,NO,NEVER,null,YES
postgres,public,vendor_reviews,quality_rating,7,null,YES,integer,null,null,32,2,0,null,null,null,null,null,null,null,null,null,null,null,null,postgres,pg_catalog,int4,null,null,null,null,7,NO,NO,null,null,null,null,null,NO,NEVER,null,YES
postgres,public,vendor_reviews,timeline_rating,8,null,YES,integer,null,null,32,2,0,null,null,null,null,null,null,null,null,null,null,null,null,postgres,pg_catalog,int4,null,null,null,null,8,NO,NO,null,null,null,null,null,NO,NEVER,null,YES
postgres,public,vendor_reviews,communication_rating,9,null,YES,integer,null,null,32,2,0,null,null,null,null,null,null,null,null,null,null,null,null,postgres,pg_catalog,int4,null,null,null,null,9,NO,NO,null,null,null,null,null,NO,NEVER,null,YES
postgres,public,vendor_reviews,price_rating,10,null,YES,integer,null,null,32,2,0,null,null,null,null,null,null,null,null,null,null,null,null,postgres,pg_catalog,int4,null,null,null,null,10,NO,NO,null,null,null,null,null,NO,NEVER,null,YES
postgres,public,vendor_reviews,professionalism_rating,11,null,YES,integer,null,null,32,2,0,null,null,null,null,null,null,null,null,null,null,null,null,postgres,pg_catalog,int4,null,null,null,null,11,NO,NO,null,null,null,null,null,NO,NEVER,null,YES
postgres,public,vendor_reviews,review_title,12,null,YES,text,null,1073741824,null,null,null,null,null,null,null,null,null,null,null,null,null,null,null,postgres,pg_catalog,text,null,null,null,null,12,NO,NO,null,null,null,null,null,NO,NEVER,null,YES
postgres,public,vendor_reviews,review_text,13,null,YES,text,null,1073741824,null,null,null,null,null,null,null,null,null,null,null,null,null,null,null,postgres,pg_catalog,text,null,null,null,null,13,NO,NO,null,null,null,null,null,NO,NEVER,null,YES
postgres,public,vendor_reviews,pros,14,null,YES,text,null,1073741824,null,null,null,null,null,null,null,null,null,null,null,null,null,null,null,postgres,pg_catalog,text,null,null,null,null,14,NO,NO,null,null,null,null,null,NO,NEVER,null,YES
postgres,public,vendor_reviews,cons,15,null,YES,text,null,1073741824,null,null,null,null,null,null,null,null,null,null,null,null,null,null,null,postgres,pg_catalog,text,null,null,null,null,15,NO,NO,null,null,null,null,null,NO,NEVER,null,YES
postgres,public,vendor_reviews,would_recommend,16,null,YES,boolean,null,null,null,null,null,null,null,null,null,null,null,null,null,null,null,null,null,postgres,pg_catalog,bool,null,null,null,null,16,NO,NO,null,null,null,null,null,NO,NEVER,null,YES
postgres,public,vendor_reviews,would_hire_again,17,null,YES,boolean,null,null,null,null,null,null,null,null,null,null,null,null,null,null,null,null,null,postgres,pg_catalog,bool,null,null,null,null,17,NO,NO,null,null,null,null,null,NO,NEVER,null,YES
postgres,public,vendor_reviews,work_completed,18,null,YES,text,null,1073741824,null,null,null,null,null,null,null,null,null,null,null,null,null,null,null,postgres,pg_catalog,text,null,null,null,null,18,NO,NO,null,null,null,null,null,NO,NEVER,null,YES
postgres,public,vendor_reviews,final_cost,19,null,YES,numeric,null,null,12,10,2,null,null,null,null,null,null,null,null,null,null,null,null,postgres,pg_catalog,numeric,null,null,null,null,19,NO,NO,null,null,null,null,null,NO,NEVER,null,YES
postgres,public,vendor_reviews,project_duration_days,20,null,YES,integer,null,null,32,2,0,null,null,null,null,null,null,null,null,null,null,null,null,postgres,pg_catalog,int4,null,null,null,null,20,NO,NO,null,null,null,null,null,NO,NEVER,null,YES
postgres,public,vendor_reviews,photos,21,'[]'::jsonb,YES,jsonb,null,null,null,null,null,null,null,null,null,null,null,null,null,null,null,null,null,postgres,pg_catalog,jsonb,null,null,null,null,21,NO,NO,null,null,null,null,null,NO,NEVER,null,YES
postgres,public,vendor_reviews,created_at,22,now(),YES,timestamp with time zone,null,null,null,null,null,6,null,null,null,null,null,null,null,null,null,null,null,postgres,pg_catalog,timestamptz,null,null,null,null,22,NO,NO,null,null,null,null,null,NO,NEVER,null,YES
postgres,public,vendor_reviews,updated_at,23,now(),YES,timestamp with time zone,null,null,null,null,null,6,null,null,null,null,null,null,null,null,null,null,null,postgres,pg_catalog,timestamptz,null,null,null,null,23,NO,NO,null,null,null,null,null,NO,NEVER,null,YES
postgres,public,vendors,id,1,gen_random_uuid(),NO,uuid,null,null,null,null,null,null,null,null,null,null,null,null,null,null,null,null,null,postgres,pg_catalog,uuid,null,null,null,null,1,NO,NO,null,null,null,null,null,NO,NEVER,null,YES
postgres,public,vendors,user_id,2,null,NO,uuid,null,null,null,null,null,null,null,null,null,null,null,null,null,null,null,null,null,postgres,pg_catalog,uuid,null,null,null,null,2,NO,NO,null,null,null,null,null,NO,NEVER,null,YES
postgres,public,vendors,trade_category_id,3,null,YES,uuid,null,null,null,null,null,null,null,null,null,null,null,null,null,null,null,null,null,postgres,pg_catalog,uuid,null,null,null,null,3,NO,NO,null,null,null,null,null,NO,NEVER,null,YES
postgres,public,vendors,name,4,null,NO,text,null,1073741824,null,null,null,null,null,null,null,null,null,null,null,null,null,null,null,postgres,pg_catalog,text,null,null,null,null,4,NO,NO,null,null,null,null,null,NO,NEVER,null,YES
postgres,public,vendors,company_name,5,null,YES,text,null,1073741824,null,null,null,null,null,null,null,null,null,null,null,null,null,null,null,postgres,pg_catalog,text,null,null,null,null,5,NO,NO,null,null,null,null,null,NO,NEVER,null,YES
postgres,public,vendors,email,6,null,YES,text,null,1073741824,null,null,null,null,null,null,null,null,null,null,null,null,null,null,null,postgres,pg_catalog,text,null,null,null,null,6,NO,NO,null,null,null,null,null,NO,NEVER,null,YES
postgres,public,vendors,phone,7,null,YES,text,null,1073741824,null,null,null,null,null,null,null,null,null,null,null,null,null,null,null,postgres,pg_catalog,text,null,null,null,null,7,NO,NO,null,null,null,null,null,NO,NEVER,null,YES
postgres,public,vendors,website,8,null,YES,text,null,1073741824,null,null,null,null,null,null,null,null,null,null,null,null,null,null,null,postgres,pg_catalog,text,null,null,null,null,8,NO,NO,null,null,null,null,null,NO,NEVER,null,YES
postgres,public,vendors,address,9,null,YES,text,null,1073741824,null,null,null,null,null,null,null,null,null,null,null,null,null,null,null,postgres,pg_catalog,text,null,null,null,null,9,NO,NO,null,null,null,null,null,NO,NEVER,null,YES
postgres,public,vendors,city,10,null,YES,text,null,1073741824,null,null,null,null,null,null,null,null,null,null,null,null,null,null,null,postgres,pg_catalog,text,null,null,null,null,10,NO,NO,null,null,null,null,null,NO,NEVER,null,YES
postgres,public,vendors,state,11,null,YES,text,null,1073741824,null,null,null,null,null,null,null,null,null,null,null,null,null,null,null,postgres,pg_catalog,text,null,null,null,null,11,NO,NO,null,null,null,null,null,NO,NEVER,null,YES
postgres,public,vendors,zip_code,12,null,YES,text,null,1073741824,null,null,null,null,null,null,null,null,null,null,null,null,null,null,null,postgres,pg_catalog,text,null,null,null,null,12,NO,NO,null,null,null,null,null,NO,NEVER,null,YES
postgres,public,vendors,rating_platform,13,null,YES,text,null,1073741824,null,null,null,null,null,null,null,null,null,null,null,null,null,null,null,postgres,pg_catalog,text,null,null,null,null,13,NO,NO,null,null,null,null,null,NO,NEVER,null,YES
postgres,public,vendors,rating_score,14,null,YES,numeric,null,null,2,10,1,null,null,null,null,null,null,null,null,null,null,null,null,postgres,pg_catalog,numeric,null,null,null,null,14,NO,NO,null,null,null,null,null,NO,NEVER,null,YES
postgres,public,vendors,rating_reviews,15,0,YES,integer,null,null,32,2,0,null,null,null,null,null,null,null,null,null,null,null,null,postgres,pg_catalog,int4,null,null,null,null,15,NO,NO,null,null,null,null,null,NO,NEVER,null,YES
postgres,public,vendors,social_media,16,'[]'::jsonb,YES,jsonb,null,null,null,null,null,null,null,null,null,null,null,null,null,null,null,null,null,postgres,pg_catalog,jsonb,null,null,null,null,16,NO,NO,null,null,null,null,null,NO,NEVER,null,YES
postgres,public,vendors,found_via,17,null,YES,ARRAY,null,null,null,null,null,null,null,null,null,null,null,null,null,null,null,null,null,postgres,pg_catalog,_text,null,null,null,null,17,NO,NO,null,null,null,null,null,NO,NEVER,null,YES
postgres,public,vendors,preferred_contact_method,18,'email'::text,YES,text,null,1073741824,null,null,null,null,null,null,null,null,null,null,null,null,null,null,null,postgres,pg_catalog,text,null,null,null,null,18,NO,NO,null,null,null,null,null,NO,NEVER,null,YES
postgres,public,vendors,contact_hours,19,null,YES,text,null,1073741824,null,null,null,null,null,null,null,null,null,null,null,null,null,null,null,postgres,pg_catalog,text,null,null,null,null,19,NO,NO,null,null,null,null,null,NO,NEVER,null,YES
postgres,public,vendors,services_offered,20,null,YES,ARRAY,null,null,null,null,null,null,null,null,null,null,null,null,null,null,null,null,null,postgres,pg_catalog,_text,null,null,null,null,20,NO,NO,null,null,null,null,null,NO,NEVER,null,YES
postgres,public,vendors,specialties,21,null,YES,ARRAY,null,null,null,null,null,null,null,null,null,null,null,null,null,null,null,null,null,postgres,pg_catalog,_text,null,null,null,null,21,NO,NO,null,null,null,null,null,NO,NEVER,null,YES
postgres,public,vendors,service_area,22,null,YES,ARRAY,null,null,null,null,null,null,null,null,null,null,null,null,null,null,null,null,null,postgres,pg_catalog,_text,null,null,null,null,22,NO,NO,null,null,null,null,null,NO,NEVER,null,YES
postgres,public,vendors,licensed,23,false,YES,boolean,null,null,null,null,null,null,null,null,null,null,null,null,null,null,null,null,null,postgres,pg_catalog,bool,null,null,null,null,23,NO,NO,null,null,null,null,null,NO,NEVER,null,YES
postgres,public,vendors,insured,24,false,YES,boolean,null,null,null,null,null,null,null,null,null,null,null,null,null,null,null,null,null,postgres,pg_catalog,bool,null,null,null,null,24,NO,NO,null,null,null,null,null,NO,NEVER,null,YES
postgres,public,vendors,license_number,25,null,YES,text,null,1073741824,null,null,null,null,null,null,null,null,null,null,null,null,null,null,null,postgres,pg_catalog,text,null,null,null,null,25,NO,NO,null,null,null,null,null,NO,NEVER,null,YES
postgres,public,vendors,insurance_info,26,null,YES,text,null,1073741824,null,null,null,null,null,null,null,null,null,null,null,null,null,null,null,postgres,pg_catalog,text,null,null,null,null,26,NO,NO,null,null,null,null,null,NO,NEVER,null,YES
postgres,public,vendors,notes,27,null,YES,text,null,1073741824,null,null,null,null,null,null,null,null,null,null,null,null,null,null,null,postgres,pg_catalog,text,null,null,null,null,27,NO,NO,null,null,null,null,null,NO,NEVER,null,YES
postgres,public,vendors,tags,28,null,YES,ARRAY,null,null,null,null,null,null,null,null,null,null,null,null,null,null,null,null,null,postgres,pg_catalog,_text,null,null,null,null,28,NO,NO,null,null,null,null,null,NO,NEVER,null,YES
postgres,public,vendors,is_active,29,true,YES,boolean,null,null,null,null,null,null,null,null,null,null,null,null,null,null,null,null,null,postgres,pg_catalog,bool,null,null,null,null,29,NO,NO,null,null,null,null,null,NO,NEVER,null,YES
postgres,public,vendors,is_favorite,30,false,YES,boolean,null,null,null,null,null,null,null,null,null,null,null,null,null,null,null,null,null,postgres,pg_catalog,bool,null,null,null,null,30,NO,NO,null,null,null,null,null,NO,NEVER,null,YES
postgres,public,vendors,created_at,31,now(),YES,timestamp with time zone,null,null,null,null,null,6,null,null,null,null,null,null,null,null,null,null,null,postgres,pg_catalog,timestamptz,null,null,null,null,31,NO,NO,null,null,null,null,null,NO,NEVER,null,YES
postgres,public,vendors,updated_at,32,now(),YES,timestamp with time zone,null,null,null,null,null,6,null,null,null,null,null,null,null,null,null,null,null,postgres,pg_catalog,timestamptz,null,null,null,null,32,NO,NO,null,null,null,null,null,NO,NEVER,null,YES